--
-- PostgreSQL database dump
--

-- Dumped from database version 17.2
-- Dumped by pg_dump version 17.2

SET statement_timeout = 0;
SET lock_timeout = 0;
SET idle_in_transaction_session_timeout = 0;
SET transaction_timeout = 0;
SET client_encoding = 'UTF8';
SET standard_conforming_strings = on;
SELECT pg_catalog.set_config('search_path', '', false);
SET check_function_bodies = false;
SET xmloption = content;
SET client_min_messages = warning;
SET row_security = off;

SET default_tablespace = '';

SET default_table_access_method = heap;

--
-- Name: auth_group; Type: TABLE; Schema: public; Owner: automagnat
--

CREATE TABLE public.auth_group (
    id integer NOT NULL,
    name character varying(150) NOT NULL
);


ALTER TABLE public.auth_group OWNER TO automagnat;

--
-- Name: auth_group_id_seq; Type: SEQUENCE; Schema: public; Owner: automagnat
--

ALTER TABLE public.auth_group ALTER COLUMN id ADD GENERATED BY DEFAULT AS IDENTITY (
    SEQUENCE NAME public.auth_group_id_seq
    START WITH 1
    INCREMENT BY 1
    NO MINVALUE
    NO MAXVALUE
    CACHE 1
);


--
-- Name: auth_group_permissions; Type: TABLE; Schema: public; Owner: automagnat
--

CREATE TABLE public.auth_group_permissions (
    id bigint NOT NULL,
    group_id integer NOT NULL,
    permission_id integer NOT NULL
);


ALTER TABLE public.auth_group_permissions OWNER TO automagnat;

--
-- Name: auth_group_permissions_id_seq; Type: SEQUENCE; Schema: public; Owner: automagnat
--

ALTER TABLE public.auth_group_permissions ALTER COLUMN id ADD GENERATED BY DEFAULT AS IDENTITY (
    SEQUENCE NAME public.auth_group_permissions_id_seq
    START WITH 1
    INCREMENT BY 1
    NO MINVALUE
    NO MAXVALUE
    CACHE 1
);


--
-- Name: auth_permission; Type: TABLE; Schema: public; Owner: automagnat
--

CREATE TABLE public.auth_permission (
    id integer NOT NULL,
    name character varying(255) NOT NULL,
    content_type_id integer NOT NULL,
    codename character varying(100) NOT NULL
);


ALTER TABLE public.auth_permission OWNER TO automagnat;

--
-- Name: auth_permission_id_seq; Type: SEQUENCE; Schema: public; Owner: automagnat
--

ALTER TABLE public.auth_permission ALTER COLUMN id ADD GENERATED BY DEFAULT AS IDENTITY (
    SEQUENCE NAME public.auth_permission_id_seq
    START WITH 1
    INCREMENT BY 1
    NO MINVALUE
    NO MAXVALUE
    CACHE 1
);


--
-- Name: auth_user; Type: TABLE; Schema: public; Owner: automagnat
--

CREATE TABLE public.auth_user (
    id integer NOT NULL,
    password character varying(128) NOT NULL,
    last_login timestamp with time zone,
    is_superuser boolean NOT NULL,
    username character varying(150) NOT NULL,
    first_name character varying(150) NOT NULL,
    last_name character varying(150) NOT NULL,
    email character varying(254) NOT NULL,
    is_staff boolean NOT NULL,
    is_active boolean NOT NULL,
    date_joined timestamp with time zone NOT NULL
);


ALTER TABLE public.auth_user OWNER TO automagnat;

--
-- Name: auth_user_groups; Type: TABLE; Schema: public; Owner: automagnat
--

CREATE TABLE public.auth_user_groups (
    id bigint NOT NULL,
    user_id integer NOT NULL,
    group_id integer NOT NULL
);


ALTER TABLE public.auth_user_groups OWNER TO automagnat;

--
-- Name: auth_user_groups_id_seq; Type: SEQUENCE; Schema: public; Owner: automagnat
--

ALTER TABLE public.auth_user_groups ALTER COLUMN id ADD GENERATED BY DEFAULT AS IDENTITY (
    SEQUENCE NAME public.auth_user_groups_id_seq
    START WITH 1
    INCREMENT BY 1
    NO MINVALUE
    NO MAXVALUE
    CACHE 1
);


--
-- Name: auth_user_id_seq; Type: SEQUENCE; Schema: public; Owner: automagnat
--

ALTER TABLE public.auth_user ALTER COLUMN id ADD GENERATED BY DEFAULT AS IDENTITY (
    SEQUENCE NAME public.auth_user_id_seq
    START WITH 1
    INCREMENT BY 1
    NO MINVALUE
    NO MAXVALUE
    CACHE 1
);


--
-- Name: auth_user_user_permissions; Type: TABLE; Schema: public; Owner: automagnat
--

CREATE TABLE public.auth_user_user_permissions (
    id bigint NOT NULL,
    user_id integer NOT NULL,
    permission_id integer NOT NULL
);


ALTER TABLE public.auth_user_user_permissions OWNER TO automagnat;

--
-- Name: auth_user_user_permissions_id_seq; Type: SEQUENCE; Schema: public; Owner: automagnat
--

ALTER TABLE public.auth_user_user_permissions ALTER COLUMN id ADD GENERATED BY DEFAULT AS IDENTITY (
    SEQUENCE NAME public.auth_user_user_permissions_id_seq
    START WITH 1
    INCREMENT BY 1
    NO MINVALUE
    NO MAXVALUE
    CACHE 1
);


--
-- Name: django_admin_log; Type: TABLE; Schema: public; Owner: automagnat
--

CREATE TABLE public.django_admin_log (
    id integer NOT NULL,
    action_time timestamp with time zone NOT NULL,
    object_id text,
    object_repr character varying(200) NOT NULL,
    action_flag smallint NOT NULL,
    change_message text NOT NULL,
    content_type_id integer,
    user_id integer NOT NULL,
    CONSTRAINT django_admin_log_action_flag_check CHECK ((action_flag >= 0))
);


ALTER TABLE public.django_admin_log OWNER TO automagnat;

--
-- Name: django_admin_log_id_seq; Type: SEQUENCE; Schema: public; Owner: automagnat
--

ALTER TABLE public.django_admin_log ALTER COLUMN id ADD GENERATED BY DEFAULT AS IDENTITY (
    SEQUENCE NAME public.django_admin_log_id_seq
    START WITH 1
    INCREMENT BY 1
    NO MINVALUE
    NO MAXVALUE
    CACHE 1
);


--
-- Name: django_content_type; Type: TABLE; Schema: public; Owner: automagnat
--

CREATE TABLE public.django_content_type (
    id integer NOT NULL,
    app_label character varying(100) NOT NULL,
    model character varying(100) NOT NULL
);


ALTER TABLE public.django_content_type OWNER TO automagnat;

--
-- Name: django_content_type_id_seq; Type: SEQUENCE; Schema: public; Owner: automagnat
--

ALTER TABLE public.django_content_type ALTER COLUMN id ADD GENERATED BY DEFAULT AS IDENTITY (
    SEQUENCE NAME public.django_content_type_id_seq
    START WITH 1
    INCREMENT BY 1
    NO MINVALUE
    NO MAXVALUE
    CACHE 1
);


--
-- Name: django_migrations; Type: TABLE; Schema: public; Owner: automagnat
--

CREATE TABLE public.django_migrations (
    id bigint NOT NULL,
    app character varying(255) NOT NULL,
    name character varying(255) NOT NULL,
    applied timestamp with time zone NOT NULL
);


ALTER TABLE public.django_migrations OWNER TO automagnat;

--
-- Name: django_migrations_id_seq; Type: SEQUENCE; Schema: public; Owner: automagnat
--

ALTER TABLE public.django_migrations ALTER COLUMN id ADD GENERATED BY DEFAULT AS IDENTITY (
    SEQUENCE NAME public.django_migrations_id_seq
    START WITH 1
    INCREMENT BY 1
    NO MINVALUE
    NO MAXVALUE
    CACHE 1
);


--
-- Name: django_session; Type: TABLE; Schema: public; Owner: automagnat
--

CREATE TABLE public.django_session (
    session_key character varying(40) NOT NULL,
    session_data text NOT NULL,
    expire_date timestamp with time zone NOT NULL
);


ALTER TABLE public.django_session OWNER TO automagnat;

--
-- Name: main_car; Type: TABLE; Schema: public; Owner: automagnat
--

CREATE TABLE public.main_car (
    id bigint NOT NULL,
    photo character varying(100) NOT NULL,
    model character varying(200) NOT NULL,
    year integer NOT NULL,
    mileage integer NOT NULL,
    country character varying(100) NOT NULL,
    price numeric(10,2) NOT NULL,
    CONSTRAINT main_car_mileage_check CHECK ((mileage >= 0)),
    CONSTRAINT main_car_year_check CHECK ((year >= 0))
);


ALTER TABLE public.main_car OWNER TO automagnat;

--
-- Name: main_car_id_seq; Type: SEQUENCE; Schema: public; Owner: automagnat
--

ALTER TABLE public.main_car ALTER COLUMN id ADD GENERATED BY DEFAULT AS IDENTITY (
    SEQUENCE NAME public.main_car_id_seq
    START WITH 1
    INCREMENT BY 1
    NO MINVALUE
    NO MAXVALUE
    CACHE 1
);


--
-- Name: main_review; Type: TABLE; Schema: public; Owner: automagnat
--

CREATE TABLE public.main_review (
    id bigint NOT NULL,
    text text NOT NULL,
    created_at date,
    customer_name character varying(100),
    photo character varying(100),
    city character varying(50) NOT NULL
);


ALTER TABLE public.main_review OWNER TO automagnat;

--
-- Name: main_review_id_seq; Type: SEQUENCE; Schema: public; Owner: automagnat
--

ALTER TABLE public.main_review ALTER COLUMN id ADD GENERATED BY DEFAULT AS IDENTITY (
    SEQUENCE NAME public.main_review_id_seq
    START WITH 1
    INCREMENT BY 1
    NO MINVALUE
    NO MAXVALUE
    CACHE 1
);


--
-- Data for Name: auth_group; Type: TABLE DATA; Schema: public; Owner: automagnat
--

COPY public.auth_group (id, name) FROM stdin;
\.


--
-- Data for Name: auth_group_permissions; Type: TABLE DATA; Schema: public; Owner: automagnat
--

COPY public.auth_group_permissions (id, group_id, permission_id) FROM stdin;
\.


--
-- Data for Name: auth_permission; Type: TABLE DATA; Schema: public; Owner: automagnat
--

COPY public.auth_permission (id, name, content_type_id, codename) FROM stdin;
1	Can add log entry	1	add_logentry
2	Can change log entry	1	change_logentry
3	Can delete log entry	1	delete_logentry
4	Can view log entry	1	view_logentry
5	Can add permission	2	add_permission
6	Can change permission	2	change_permission
7	Can delete permission	2	delete_permission
8	Can view permission	2	view_permission
9	Can add group	3	add_group
10	Can change group	3	change_group
11	Can delete group	3	delete_group
12	Can view group	3	view_group
13	Can add user	4	add_user
14	Can change user	4	change_user
15	Can delete user	4	delete_user
16	Can view user	4	view_user
17	Can add content type	5	add_contenttype
18	Can change content type	5	change_contenttype
19	Can delete content type	5	delete_contenttype
20	Can view content type	5	view_contenttype
21	Can add session	6	add_session
22	Can change session	6	change_session
23	Can delete session	6	delete_session
24	Can view session	6	view_session
25	Can add application	7	add_application
26	Can change application	7	change_application
27	Can delete application	7	delete_application
28	Can view application	7	view_application
29	Can add car	8	add_car
30	Can change car	8	change_car
31	Can delete car	8	delete_car
32	Can view car	8	view_car
33	Can add review	9	add_review
34	Can change review	9	change_review
35	Can delete review	9	delete_review
36	Can view review	9	view_review
37	Can add customer	10	add_customer
38	Can change customer	10	change_customer
39	Can delete customer	10	delete_customer
40	Can view customer	10	view_customer
\.


--
-- Data for Name: auth_user; Type: TABLE DATA; Schema: public; Owner: automagnat
--

COPY public.auth_user (id, password, last_login, is_superuser, username, first_name, last_name, email, is_staff, is_active, date_joined) FROM stdin;
1	pbkdf2_sha256$870000$igfQmZSTLgPgFOpCe1roI9$dbk7pVNPd7p2RGxKTUBlYJDpurKr+mqvsxTgYlkohNo=	2025-01-16 14:22:32.969+10	t	topadmin			borntodie4@mail.ru	t	t	2024-11-22 12:18:40.467+10
\.


--
-- Data for Name: auth_user_groups; Type: TABLE DATA; Schema: public; Owner: automagnat
--

COPY public.auth_user_groups (id, user_id, group_id) FROM stdin;
\.


--
-- Data for Name: auth_user_user_permissions; Type: TABLE DATA; Schema: public; Owner: automagnat
--

COPY public.auth_user_user_permissions (id, user_id, permission_id) FROM stdin;
\.


--
-- Data for Name: django_admin_log; Type: TABLE DATA; Schema: public; Owner: automagnat
--

COPY public.django_admin_log (id, action_time, object_id, object_repr, action_flag, change_message, content_type_id, user_id) FROM stdin;
1	2024-11-22 13:14:40.912+10	1	Lada Priora (2005)	1	[{"added": {}}]	8	1
2	2024-12-11 22:10:33.076+10	2	Ford Mustang (1967)	1	[{"added": {}}]	8	1
3	2024-12-11 22:10:52.876+10	3	Cadillac Escalade (2008)	1	[{"added": {}}]	8	1
4	2024-12-11 22:11:21.91+10	4	BMW M3 (1995)	1	[{"added": {}}]	8	1
5	2024-12-11 22:11:44.793+10	5	Toyota Supra (1993)	1	[{"added": {}}]	8	1
6	2024-12-12 01:32:43.235+10	4	BMW M3 (1995)	3		8	1
7	2024-12-16 20:59:35.71+10	5	Toyota Supra (1993)	2	[{"changed": {"fields": ["\\u0426\\u0435\\u043d\\u0430 (\\u0440\\u0443\\u0431.)"]}}]	8	1
8	2024-12-16 20:59:42.11+10	3	Cadillac Escalade (2008)	2	[{"changed": {"fields": ["\\u0426\\u0435\\u043d\\u0430 (\\u0440\\u0443\\u0431.)"]}}]	8	1
9	2024-12-16 20:59:48.272+10	2	Ford Mustang (1967)	2	[{"changed": {"fields": ["\\u0426\\u0435\\u043d\\u0430 (\\u0440\\u0443\\u0431.)"]}}]	8	1
10	2024-12-16 20:59:53.402+10	1	Lada Priora (2005)	2	[{"changed": {"fields": ["\\u0426\\u0435\\u043d\\u0430 (\\u0440\\u0443\\u0431.)"]}}]	8	1
11	2024-12-16 21:23:03.465+10	1	Отзыв от Иван	1	[{"added": {}}]	9	1
12	2024-12-16 21:23:24.815+10	2	Отзыв от Александра	1	[{"added": {}}]	9	1
13	2024-12-16 21:23:49.322+10	3	Отзыв от Геннадий	1	[{"added": {}}]	9	1
14	2024-12-18 17:13:17.855+10	3	Отзыв от Геннадий	2	[{"changed": {"fields": ["\\u0414\\u0430\\u0442\\u0430 \\u0441\\u043e\\u0437\\u0434\\u0430\\u043d\\u0438\\u044f"]}}]	9	1
15	2024-12-18 17:13:22.272+10	2	Отзыв от Александра	2	[{"changed": {"fields": ["\\u0414\\u0430\\u0442\\u0430 \\u0441\\u043e\\u0437\\u0434\\u0430\\u043d\\u0438\\u044f"]}}]	9	1
16	2024-12-18 17:13:26.341+10	1	Отзыв от Иван	2	[{"changed": {"fields": ["\\u0414\\u0430\\u0442\\u0430 \\u0441\\u043e\\u0437\\u0434\\u0430\\u043d\\u0438\\u044f"]}}]	9	1
17	2024-12-18 17:17:42.942+10	3	Отзыв от Геннадий	2	[{"changed": {"fields": ["\\u0414\\u0430\\u0442\\u0430 \\u0441\\u043e\\u0437\\u0434\\u0430\\u043d\\u0438\\u044f"]}}]	9	1
18	2024-12-18 17:17:47.481+10	3	Отзыв от Геннадий	2	[{"changed": {"fields": ["\\u0414\\u0430\\u0442\\u0430 \\u0441\\u043e\\u0437\\u0434\\u0430\\u043d\\u0438\\u044f"]}}]	9	1
19	2024-12-18 17:20:35.841+10	3	Отзыв от Геннадий	2	[{"changed": {"fields": ["\\u0414\\u0430\\u0442\\u0430 \\u0441\\u043e\\u0437\\u0434\\u0430\\u043d\\u0438\\u044f"]}}]	9	1
20	2024-12-18 17:20:43.819+10	2	Отзыв от Александра	2	[{"changed": {"fields": ["\\u0414\\u0430\\u0442\\u0430 \\u0441\\u043e\\u0437\\u0434\\u0430\\u043d\\u0438\\u044f"]}}]	9	1
21	2024-12-18 17:20:46.841+10	1	Отзыв от Иван	2	[{"changed": {"fields": ["\\u0414\\u0430\\u0442\\u0430 \\u0441\\u043e\\u0437\\u0434\\u0430\\u043d\\u0438\\u044f"]}}]	9	1
22	2024-12-18 17:24:15.96+10	3	Отзыв от Геннадий	2	[]	9	1
23	2024-12-18 17:24:19.107+10	2	Отзыв от Александра	2	[]	9	1
24	2024-12-18 17:24:22.186+10	1	Отзыв от Иван	2	[]	9	1
25	2024-12-18 17:25:17.676+10	3	Отзыв от Геннадий	2	[{"changed": {"fields": ["\\u0414\\u0430\\u0442\\u0430 \\u0441\\u043e\\u0437\\u0434\\u0430\\u043d\\u0438\\u044f"]}}]	9	1
26	2024-12-18 17:28:04.39+10	4	Отзыв от Саня	1	[{"added": {}}]	9	1
27	2024-12-18 17:31:36.801+10	4	Отзыв от Саня	3		9	1
28	2024-12-18 23:56:15.145+10	3	Отзыв от Геннадий	2	[{"changed": {"fields": ["\\u0422\\u0435\\u043a\\u0441\\u0442 \\u043e\\u0442\\u0437\\u044b\\u0432\\u0430"]}}]	9	1
29	2024-12-18 23:56:30.489+10	2	Отзыв от Александра	2	[{"changed": {"fields": ["\\u0422\\u0435\\u043a\\u0441\\u0442 \\u043e\\u0442\\u0437\\u044b\\u0432\\u0430"]}}]	9	1
30	2024-12-18 23:56:41.461+10	1	Отзыв от Иван	2	[{"changed": {"fields": ["\\u0422\\u0435\\u043a\\u0441\\u0442 \\u043e\\u0442\\u0437\\u044b\\u0432\\u0430"]}}]	9	1
31	2025-01-16 14:25:36.773+10	5	Отзыв от Иван	1	[{"added": {}}]	9	1
32	2025-01-16 14:26:27.875+10	2	Отзыв от Александра	3		9	1
33	2025-01-16 14:26:31.229+10	3	Отзыв от Геннадий	3		9	1
34	2025-01-16 14:26:39.815+10	1	Отзыв от Иван	3		9	1
35	2025-01-16 19:20:36.501+10	5	Toyota Supra (1993)	3		8	1
36	2025-01-16 19:20:36.501+10	3	Cadillac Escalade (2008)	3		8	1
37	2025-01-16 19:20:36.501+10	2	Ford Mustang (1967)	3		8	1
38	2025-01-16 19:20:36.501+10	1	Lada Priora (2005)	3		8	1
39	2025-01-16 19:24:03.56+10	6	BMW X3 (2021)	1	[{"added": {}}]	8	1
40	2025-01-16 19:24:47.401+10	7	KIA K5 (2020)	1	[{"added": {}}]	8	1
41	2025-01-16 19:27:01.363+10	8	JEEP ROBICON (2021)	1	[{"added": {}}]	8	1
42	2025-01-16 19:27:33.762+10	9	MERCEDES E350 (2021)	1	[{"added": {}}]	8	1
43	2025-01-17 12:39:00.315+10	5	Отзыв от Иван	2	[{"changed": {"fields": ["\\u0424\\u043e\\u0442\\u043e"]}}]	9	1
44	2025-01-17 12:40:03.437+10	6	Отзыв от Алексей	1	[{"added": {}}]	9	1
45	2025-01-17 12:41:15.865+10	7	Отзыв от Владимир	1	[{"added": {}}]	9	1
46	2025-01-17 12:43:35.955+10	6	Отзыв от Алексей	2	[{"changed": {"fields": ["\\u0422\\u0435\\u043a\\u0441\\u0442 \\u043e\\u0442\\u0437\\u044b\\u0432\\u0430"]}}]	9	1
\.


--
-- Data for Name: django_content_type; Type: TABLE DATA; Schema: public; Owner: automagnat
--

COPY public.django_content_type (id, app_label, model) FROM stdin;
1	admin	logentry
2	auth	permission
3	auth	group
4	auth	user
5	contenttypes	contenttype
6	sessions	session
7	main	application
8	main	car
9	main	review
10	main	customer
\.


--
-- Data for Name: django_migrations; Type: TABLE DATA; Schema: public; Owner: automagnat
--

COPY public.django_migrations (id, app, name, applied) FROM stdin;
1	contenttypes	0001_initial	2025-01-21 21:54:56.660709+10
2	auth	0001_initial	2025-01-21 21:54:56.745306+10
3	admin	0001_initial	2025-01-21 21:54:56.787309+10
4	admin	0002_logentry_remove_auto_add	2025-01-21 21:54:56.794307+10
5	admin	0003_logentry_add_action_flag_choices	2025-01-21 21:54:56.801315+10
6	contenttypes	0002_remove_content_type_name	2025-01-21 21:54:56.816312+10
7	auth	0002_alter_permission_name_max_length	2025-01-21 21:54:56.823312+10
8	auth	0003_alter_user_email_max_length	2025-01-21 21:54:56.828955+10
9	auth	0004_alter_user_username_opts	2025-01-21 21:54:56.834952+10
10	auth	0005_alter_user_last_login_null	2025-01-21 21:54:56.841948+10
11	auth	0006_require_contenttypes_0002	2025-01-21 21:54:56.842948+10
12	auth	0007_alter_validators_add_error_messages	2025-01-21 21:54:56.847946+10
13	auth	0008_alter_user_username_max_length	2025-01-21 21:54:56.861945+10
14	auth	0009_alter_user_last_name_max_length	2025-01-21 21:54:56.866952+10
15	auth	0010_alter_group_name_max_length	2025-01-21 21:54:56.871957+10
16	auth	0011_update_proxy_permissions	2025-01-21 21:54:56.876952+10
17	auth	0012_alter_user_first_name_max_length	2025-01-21 21:54:56.881952+10
18	main	0001_initial	2025-01-21 21:54:56.906946+10
19	main	0002_remove_review_customer_review_customer_name_and_more	2025-01-21 21:54:56.928953+10
20	main	0003_car_price	2025-01-21 21:54:56.940955+10
21	main	0004_rename_customer_photo_review_photo_review_city	2025-01-21 21:54:56.944952+10
22	main	0005_alter_review_photo	2025-01-21 21:54:56.946951+10
23	main	0006_alter_review_created_at	2025-01-21 21:54:56.954946+10
24	main	0007_delete_application_alter_review_created_at	2025-01-21 21:54:56.967956+10
25	main	0008_alter_review_created_at	2025-01-21 21:54:56.978946+10
26	sessions	0001_initial	2025-01-21 21:54:56.989946+10
\.


--
-- Data for Name: django_session; Type: TABLE DATA; Schema: public; Owner: automagnat
--

COPY public.django_session (session_key, session_data, expire_date) FROM stdin;
45gesvie7b52vzd5ycgkkyt1q8zemkzo	.eJxVjEEOwiAQRe_C2pABSjt16d4zkBmGStVAUtqV8e7apAvd_vfef6lA25rD1tISZlFnZdTpd2OKj1R2IHcqt6pjLesys94VfdCmr1XS83K4fweZWv7W6JhJ0IogMIilDoHIs0xkhHHq0PXAFscI3nsLkd3oCAbjek8De_X-APynN-E:1tLLUj:0ow1gplOKF18snt8izexCGHXyINmuLG27Lk8JV3q1Ng	2024-12-25 22:07:09.138+10
4ujeh2es4e5dhvukad99azubuusb2a9a	.eJxVjEEOwiAQRe_C2pABSjt16d4zkBmGStVAUtqV8e7apAvd_vfef6lA25rD1tISZlFnZdTpd2OKj1R2IHcqt6pjLesys94VfdCmr1XS83K4fweZWv7W6JhJ0IogMIilDoHIs0xkhHHq0PXAFscI3nsLkd3oCAbjek8De_X-APynN-E:1tEK6U:79D3EJR2iIw9yGlPFTAmyaPnRv9GD6DiI-SLvP-RgEg	2024-12-06 13:13:06.606+10
6h1h6asgcw5b5dgu27am8q8gx8ttgcny	.eJxVjEEOwiAQRe_C2pABSjt16d4zkBmGStVAUtqV8e7apAvd_vfef6lA25rD1tISZlFnZdTpd2OKj1R2IHcqt6pjLesys94VfdCmr1XS83K4fweZWv7W6JhJ0IogMIilDoHIs0xkhHHq0PXAFscI3nsLkd3oCAbjek8De_X-APynN-E:1tLOhT:taxsJHTXnqJJIP9IYYPNR-ecb7ufq8NCAsArwo5GpjM	2024-12-26 01:32:31.533+10
xdckyibkpfne1ejhpj58thldpq2o2van	.eJxVjEEOwiAQRe_C2pABSjt16d4zkBmGStVAUtqV8e7apAvd_vfef6lA25rD1tISZlFnZdTpd2OKj1R2IHcqt6pjLesys94VfdCmr1XS83K4fweZWv7W6JhJ0IogMIilDoHIs0xkhHHq0PXAFscI3nsLkd3oCAbjek8De_X-APynN-E:1tYHOr:qFt1WLrIlXbGk8VrSmBm4fJWQgvJWJJBSX5FLyRsziA	2025-01-30 14:22:33.008+10
\.


--
-- Data for Name: main_car; Type: TABLE DATA; Schema: public; Owner: automagnat
--

COPY public.main_car (id, photo, model, year, mileage, country, price) FROM stdin;
6	uploads/cars/Screenshot_2025-01-16_at_19-19-48_37_gXosmPx.jpg_Изображение_WEBP_525__296_пикселей.png	BMW X3	2021	32576	Корея	4370000.00
7	uploads/cars/Screenshot_2025-01-16_at_19-19-29_38_IxouKRB.jpg_Изображение_JPEG_525__296_пикселей.png	KIA K5	2020	21211	Корея	2350000.00
8	uploads/cars/Screenshot_2025-01-16_at_19-18-55_38_YKNbepS.jpg_Изображение_WEBP_525__296_пикселей.png	JEEP ROBICON	2021	22183	Корея	3980000.00
9	uploads/cars/Screenshot_2025-01-16_at_19-18-17_38_QZREURk.jpg_Изображение_WEBP_525__296_пикселей.png	MERCEDES E350	2021	34484	Корея	4520000.00
\.


--
-- Data for Name: main_review; Type: TABLE DATA; Schema: public; Owner: automagnat
--

COPY public.main_review (id, text, created_at, customer_name, photo, city) FROM stdin;
5	Благодарю компанию "AUTOMAGNAT25" за помощь в покупке автомобиля Audi Q3 из Южной Кореи. Автомобилем очень доволен, первый опыт покупки машины из-за границы, получал ответы на все свои вопросы, Владимир всё быстро и доступно мне объяснял, а так же помог мне с постановкой автомобиля на учёт и отправкой по ЖД, доставил до транспортной компании, заключил договор и произвёл оплату.	2025-01-15	Иван	uploads/photo/photo_1_2025-01-17_12-38-24.jpg	Ногинск
6	Хочу поблагодарить компанию «АвтоМагнат25» и лично Владимира за помощь в покупке гибридного автомобиля из Японии. Второй авто в семье, очень доволен! Хотел Honda Spada, но Владимир предложил Nissan Serena, который мне больше подошёл по бюджету. После изучения информации в интернете заказал именно его. Владимир перегнал машину в Обнинск, предварительно обслужив её, поменяв резину, обклеив переднюю часть поролоном и стекло — плёнкой. Авто прибыло за 8 дней без повреждений. Большое спасибо! Рекомендую!	2024-11-21	Алексей	uploads/photo/photo_2_2025-01-17_12-38-24.jpg	Обнинск
7	Большое спасибо Владимиру и компании «Автомагнат25» за быструю покупку и доставку автомобиля Kia K5 до Калуги. Время с момента покупки в Корее до прибытия в Калугу составило менее 2-ух месяцев, при том что ещё ждали очередь на погрузку и отправку автовозом до Москвы, до ТК автомобиль доставил лично Владимир, передал его в целости и сохранности, за что отдельное спасибо.	2024-12-10	Владимир	uploads/photo/photo_3_2025-01-17_12-38-24.jpg	Калуга
\.


--
-- Name: auth_group_id_seq; Type: SEQUENCE SET; Schema: public; Owner: automagnat
--

SELECT pg_catalog.setval('public.auth_group_id_seq', 1, false);


--
-- Name: auth_group_permissions_id_seq; Type: SEQUENCE SET; Schema: public; Owner: automagnat
--

SELECT pg_catalog.setval('public.auth_group_permissions_id_seq', 1, false);


--
-- Name: auth_permission_id_seq; Type: SEQUENCE SET; Schema: public; Owner: automagnat
--

SELECT pg_catalog.setval('public.auth_permission_id_seq', 40, true);


--
-- Name: auth_user_groups_id_seq; Type: SEQUENCE SET; Schema: public; Owner: automagnat
--

SELECT pg_catalog.setval('public.auth_user_groups_id_seq', 1, false);


--
-- Name: auth_user_id_seq; Type: SEQUENCE SET; Schema: public; Owner: automagnat
--

SELECT pg_catalog.setval('public.auth_user_id_seq', 1, true);


--
-- Name: auth_user_user_permissions_id_seq; Type: SEQUENCE SET; Schema: public; Owner: automagnat
--

SELECT pg_catalog.setval('public.auth_user_user_permissions_id_seq', 1, false);


--
-- Name: django_admin_log_id_seq; Type: SEQUENCE SET; Schema: public; Owner: automagnat
--

SELECT pg_catalog.setval('public.django_admin_log_id_seq', 46, true);


--
-- Name: django_content_type_id_seq; Type: SEQUENCE SET; Schema: public; Owner: automagnat
--

SELECT pg_catalog.setval('public.django_content_type_id_seq', 10, true);


--
-- Name: django_migrations_id_seq; Type: SEQUENCE SET; Schema: public; Owner: automagnat
--

SELECT pg_catalog.setval('public.django_migrations_id_seq', 26, true);


--
-- Name: main_car_id_seq; Type: SEQUENCE SET; Schema: public; Owner: automagnat
--

SELECT pg_catalog.setval('public.main_car_id_seq', 9, true);


--
-- Name: main_review_id_seq; Type: SEQUENCE SET; Schema: public; Owner: automagnat
--

SELECT pg_catalog.setval('public.main_review_id_seq', 7, true);


--
-- Name: auth_group auth_group_name_key; Type: CONSTRAINT; Schema: public; Owner: automagnat
--

ALTER TABLE ONLY public.auth_group
    ADD CONSTRAINT auth_group_name_key UNIQUE (name);


--
-- Name: auth_group_permissions auth_group_permissions_group_id_permission_id_0cd325b0_uniq; Type: CONSTRAINT; Schema: public; Owner: automagnat
--

ALTER TABLE ONLY public.auth_group_permissions
    ADD CONSTRAINT auth_group_permissions_group_id_permission_id_0cd325b0_uniq UNIQUE (group_id, permission_id);


--
-- Name: auth_group_permissions auth_group_permissions_pkey; Type: CONSTRAINT; Schema: public; Owner: automagnat
--

ALTER TABLE ONLY public.auth_group_permissions
    ADD CONSTRAINT auth_group_permissions_pkey PRIMARY KEY (id);


--
-- Name: auth_group auth_group_pkey; Type: CONSTRAINT; Schema: public; Owner: automagnat
--

ALTER TABLE ONLY public.auth_group
    ADD CONSTRAINT auth_group_pkey PRIMARY KEY (id);


--
-- Name: auth_permission auth_permission_content_type_id_codename_01ab375a_uniq; Type: CONSTRAINT; Schema: public; Owner: automagnat
--

ALTER TABLE ONLY public.auth_permission
    ADD CONSTRAINT auth_permission_content_type_id_codename_01ab375a_uniq UNIQUE (content_type_id, codename);


--
-- Name: auth_permission auth_permission_pkey; Type: CONSTRAINT; Schema: public; Owner: automagnat
--

ALTER TABLE ONLY public.auth_permission
    ADD CONSTRAINT auth_permission_pkey PRIMARY KEY (id);


--
-- Name: auth_user_groups auth_user_groups_pkey; Type: CONSTRAINT; Schema: public; Owner: automagnat
--

ALTER TABLE ONLY public.auth_user_groups
    ADD CONSTRAINT auth_user_groups_pkey PRIMARY KEY (id);


--
-- Name: auth_user_groups auth_user_groups_user_id_group_id_94350c0c_uniq; Type: CONSTRAINT; Schema: public; Owner: automagnat
--

ALTER TABLE ONLY public.auth_user_groups
    ADD CONSTRAINT auth_user_groups_user_id_group_id_94350c0c_uniq UNIQUE (user_id, group_id);


--
-- Name: auth_user auth_user_pkey; Type: CONSTRAINT; Schema: public; Owner: automagnat
--

ALTER TABLE ONLY public.auth_user
    ADD CONSTRAINT auth_user_pkey PRIMARY KEY (id);


--
-- Name: auth_user_user_permissions auth_user_user_permissions_pkey; Type: CONSTRAINT; Schema: public; Owner: automagnat
--

ALTER TABLE ONLY public.auth_user_user_permissions
    ADD CONSTRAINT auth_user_user_permissions_pkey PRIMARY KEY (id);


--
-- Name: auth_user_user_permissions auth_user_user_permissions_user_id_permission_id_14a6b632_uniq; Type: CONSTRAINT; Schema: public; Owner: automagnat
--

ALTER TABLE ONLY public.auth_user_user_permissions
    ADD CONSTRAINT auth_user_user_permissions_user_id_permission_id_14a6b632_uniq UNIQUE (user_id, permission_id);


--
-- Name: auth_user auth_user_username_key; Type: CONSTRAINT; Schema: public; Owner: automagnat
--

ALTER TABLE ONLY public.auth_user
    ADD CONSTRAINT auth_user_username_key UNIQUE (username);


--
-- Name: django_admin_log django_admin_log_pkey; Type: CONSTRAINT; Schema: public; Owner: automagnat
--

ALTER TABLE ONLY public.django_admin_log
    ADD CONSTRAINT django_admin_log_pkey PRIMARY KEY (id);


--
-- Name: django_content_type django_content_type_app_label_model_76bd3d3b_uniq; Type: CONSTRAINT; Schema: public; Owner: automagnat
--

ALTER TABLE ONLY public.django_content_type
    ADD CONSTRAINT django_content_type_app_label_model_76bd3d3b_uniq UNIQUE (app_label, model);


--
-- Name: django_content_type django_content_type_pkey; Type: CONSTRAINT; Schema: public; Owner: automagnat
--

ALTER TABLE ONLY public.django_content_type
    ADD CONSTRAINT django_content_type_pkey PRIMARY KEY (id);


--
-- Name: django_migrations django_migrations_pkey; Type: CONSTRAINT; Schema: public; Owner: automagnat
--

ALTER TABLE ONLY public.django_migrations
    ADD CONSTRAINT django_migrations_pkey PRIMARY KEY (id);


--
-- Name: django_session django_session_pkey; Type: CONSTRAINT; Schema: public; Owner: automagnat
--

ALTER TABLE ONLY public.django_session
    ADD CONSTRAINT django_session_pkey PRIMARY KEY (session_key);


--
-- Name: main_car main_car_pkey; Type: CONSTRAINT; Schema: public; Owner: automagnat
--

ALTER TABLE ONLY public.main_car
    ADD CONSTRAINT main_car_pkey PRIMARY KEY (id);


--
-- Name: main_review main_review_pkey; Type: CONSTRAINT; Schema: public; Owner: automagnat
--

ALTER TABLE ONLY public.main_review
    ADD CONSTRAINT main_review_pkey PRIMARY KEY (id);


--
-- Name: auth_group_name_a6ea08ec_like; Type: INDEX; Schema: public; Owner: automagnat
--

CREATE INDEX auth_group_name_a6ea08ec_like ON public.auth_group USING btree (name varchar_pattern_ops);


--
-- Name: auth_group_permissions_group_id_b120cbf9; Type: INDEX; Schema: public; Owner: automagnat
--

CREATE INDEX auth_group_permissions_group_id_b120cbf9 ON public.auth_group_permissions USING btree (group_id);


--
-- Name: auth_group_permissions_permission_id_84c5c92e; Type: INDEX; Schema: public; Owner: automagnat
--

CREATE INDEX auth_group_permissions_permission_id_84c5c92e ON public.auth_group_permissions USING btree (permission_id);


--
-- Name: auth_permission_content_type_id_2f476e4b; Type: INDEX; Schema: public; Owner: automagnat
--

CREATE INDEX auth_permission_content_type_id_2f476e4b ON public.auth_permission USING btree (content_type_id);


--
-- Name: auth_user_groups_group_id_97559544; Type: INDEX; Schema: public; Owner: automagnat
--

CREATE INDEX auth_user_groups_group_id_97559544 ON public.auth_user_groups USING btree (group_id);


--
-- Name: auth_user_groups_user_id_6a12ed8b; Type: INDEX; Schema: public; Owner: automagnat
--

CREATE INDEX auth_user_groups_user_id_6a12ed8b ON public.auth_user_groups USING btree (user_id);


--
-- Name: auth_user_user_permissions_permission_id_1fbb5f2c; Type: INDEX; Schema: public; Owner: automagnat
--

CREATE INDEX auth_user_user_permissions_permission_id_1fbb5f2c ON public.auth_user_user_permissions USING btree (permission_id);


--
-- Name: auth_user_user_permissions_user_id_a95ead1b; Type: INDEX; Schema: public; Owner: automagnat
--

CREATE INDEX auth_user_user_permissions_user_id_a95ead1b ON public.auth_user_user_permissions USING btree (user_id);


--
-- Name: auth_user_username_6821ab7c_like; Type: INDEX; Schema: public; Owner: automagnat
--

CREATE INDEX auth_user_username_6821ab7c_like ON public.auth_user USING btree (username varchar_pattern_ops);


--
-- Name: django_admin_log_content_type_id_c4bce8eb; Type: INDEX; Schema: public; Owner: automagnat
--

CREATE INDEX django_admin_log_content_type_id_c4bce8eb ON public.django_admin_log USING btree (content_type_id);


--
-- Name: django_admin_log_user_id_c564eba6; Type: INDEX; Schema: public; Owner: automagnat
--

CREATE INDEX django_admin_log_user_id_c564eba6 ON public.django_admin_log USING btree (user_id);


--
-- Name: django_session_expire_date_a5c62663; Type: INDEX; Schema: public; Owner: automagnat
--

CREATE INDEX django_session_expire_date_a5c62663 ON public.django_session USING btree (expire_date);


--
-- Name: django_session_session_key_c0390e0f_like; Type: INDEX; Schema: public; Owner: automagnat
--

CREATE INDEX django_session_session_key_c0390e0f_like ON public.django_session USING btree (session_key varchar_pattern_ops);


--
-- Name: auth_group_permissions auth_group_permissio_permission_id_84c5c92e_fk_auth_perm; Type: FK CONSTRAINT; Schema: public; Owner: automagnat
--

ALTER TABLE ONLY public.auth_group_permissions
    ADD CONSTRAINT auth_group_permissio_permission_id_84c5c92e_fk_auth_perm FOREIGN KEY (permission_id) REFERENCES public.auth_permission(id) DEFERRABLE INITIALLY DEFERRED;


--
-- Name: auth_group_permissions auth_group_permissions_group_id_b120cbf9_fk_auth_group_id; Type: FK CONSTRAINT; Schema: public; Owner: automagnat
--

ALTER TABLE ONLY public.auth_group_permissions
    ADD CONSTRAINT auth_group_permissions_group_id_b120cbf9_fk_auth_group_id FOREIGN KEY (group_id) REFERENCES public.auth_group(id) DEFERRABLE INITIALLY DEFERRED;


--
-- Name: auth_permission auth_permission_content_type_id_2f476e4b_fk_django_co; Type: FK CONSTRAINT; Schema: public; Owner: automagnat
--

ALTER TABLE ONLY public.auth_permission
    ADD CONSTRAINT auth_permission_content_type_id_2f476e4b_fk_django_co FOREIGN KEY (content_type_id) REFERENCES public.django_content_type(id) DEFERRABLE INITIALLY DEFERRED;


--
-- Name: auth_user_groups auth_user_groups_group_id_97559544_fk_auth_group_id; Type: FK CONSTRAINT; Schema: public; Owner: automagnat
--

ALTER TABLE ONLY public.auth_user_groups
    ADD CONSTRAINT auth_user_groups_group_id_97559544_fk_auth_group_id FOREIGN KEY (group_id) REFERENCES public.auth_group(id) DEFERRABLE INITIALLY DEFERRED;


--
-- Name: auth_user_groups auth_user_groups_user_id_6a12ed8b_fk_auth_user_id; Type: FK CONSTRAINT; Schema: public; Owner: automagnat
--

ALTER TABLE ONLY public.auth_user_groups
    ADD CONSTRAINT auth_user_groups_user_id_6a12ed8b_fk_auth_user_id FOREIGN KEY (user_id) REFERENCES public.auth_user(id) DEFERRABLE INITIALLY DEFERRED;


--
-- Name: auth_user_user_permissions auth_user_user_permi_permission_id_1fbb5f2c_fk_auth_perm; Type: FK CONSTRAINT; Schema: public; Owner: automagnat
--

ALTER TABLE ONLY public.auth_user_user_permissions
    ADD CONSTRAINT auth_user_user_permi_permission_id_1fbb5f2c_fk_auth_perm FOREIGN KEY (permission_id) REFERENCES public.auth_permission(id) DEFERRABLE INITIALLY DEFERRED;


--
-- Name: auth_user_user_permissions auth_user_user_permissions_user_id_a95ead1b_fk_auth_user_id; Type: FK CONSTRAINT; Schema: public; Owner: automagnat
--

ALTER TABLE ONLY public.auth_user_user_permissions
    ADD CONSTRAINT auth_user_user_permissions_user_id_a95ead1b_fk_auth_user_id FOREIGN KEY (user_id) REFERENCES public.auth_user(id) DEFERRABLE INITIALLY DEFERRED;


--
-- Name: django_admin_log django_admin_log_content_type_id_c4bce8eb_fk_django_co; Type: FK CONSTRAINT; Schema: public; Owner: automagnat
--

ALTER TABLE ONLY public.django_admin_log
    ADD CONSTRAINT django_admin_log_content_type_id_c4bce8eb_fk_django_co FOREIGN KEY (content_type_id) REFERENCES public.django_content_type(id) DEFERRABLE INITIALLY DEFERRED;


--
-- Name: django_admin_log django_admin_log_user_id_c564eba6_fk_auth_user_id; Type: FK CONSTRAINT; Schema: public; Owner: automagnat
--

ALTER TABLE ONLY public.django_admin_log
    ADD CONSTRAINT django_admin_log_user_id_c564eba6_fk_auth_user_id FOREIGN KEY (user_id) REFERENCES public.auth_user(id) DEFERRABLE INITIALLY DEFERRED;


--
-- Name: SCHEMA public; Type: ACL; Schema: -; Owner: pg_database_owner
--

GRANT ALL ON SCHEMA public TO automagnat;


--
-- PostgreSQL database dump complete
--

